INSERT INTO country VALUES (991,'TUR');
INSERT INTO country VALUES (992,'GER');
INSERT INTO country VALUES (993,'CHI');
INSERT INTO country VALUES (994,'RUS');
INSERT INTO country VALUES (995,'FIN');

INSERT INTO owners VALUES (1706535312,'B','D',90532678121,'bdd@gmail.com','M','01-OCT-1998',991);
INSERT INTO owners VALUES (1706535313,'O','S',90532678119,'oa@gmail.com','M','01-MAY-1996',992);
INSERT INTO owners VALUES (1706535314,'S','A', 90532678132 , NULL ,'F','01-JUN-1995',993);
INSERT INTO owners VALUES (1706535315,'E','T',90532678191,NULL,'M','08-OCT-1992',994);
INSERT INTO owners VALUES (1706535316,'I','Y',90532678187,'NULL','M','01-APR-1992',995);

INSERT INTO passports VALUES ('S116962','P','02-FEB-2025','02-FEB-2015',991,1706535312);
INSERT INTO passports VALUES ('S219965','B','18-MAR-2026','18-MAR-2016',992,1706535313);
INSERT INTO passports VALUES ('S302957','B','19-APR-2027','19-APR-2017',993,1706535314);
INSERT INTO passports VALUES ('S413969','P','12-MAY-2028','12-MAY-2018',994,1706535315);
INSERT INTO passports VALUES ('S514966','B','14-DEC-2019','14-DEC-2019',995,1706535316);

INSERT INTO animal VALUES (111,'p',3,'DOG','LAB','M','Black','12-JUN-2012',1706535312);
INSERT INTO animal VALUES (112,'z',4,'CAT','LAB','F','White','13-JUL-2013',1706535313);
INSERT INTO animal VALUES (113,'d',5,'DOG','LAB','F','Black','14-AUG-2014',1706535314);
INSERT INTO animal VALUES (114,'b',6,'DOG','LAB','M','White','15-SEP-2015',1706535315);
INSERT INTO animal VALUES (115,'y',7,'DOG','LAB','M','Black','16-OCT-2016',1706535316);

INSERT INTO chip_info VALUES ('123456',1,'12-JUN-2012','S116962',111);
INSERT INTO chip_info VALUES ('123457',1,'13-JUL-2013','S219965',112);
INSERT INTO chip_info VALUES ('123458',1,'14-AUG-2014','S302957',113);
INSERT INTO chip_info VALUES ('123459',1,'15-SEP-2015','S413969',114);
INSERT INTO chip_info VALUES ('123450',0,'16-OCT-2016','S514966',115);